n,rep,rounds
10,1,4
10,2,2
10,3,4
10,4,4
10,5,3
10,6,5
10,7,3
10,8,6
10,9,4
10,10,7
10,11,6
10,12,5
10,13,5
10,14,4
10,15,7
10,16,2
10,17,4
10,18,6
10,19,3
10,20,8
10,21,5
10,22,5
10,23,3
10,24,3
10,25,4
10,26,6
10,27,6
10,28,3
10,29,6
10,30,3
10,31,4
10,32,6
10,33,4
10,34,5
10,35,5
10,36,5
10,37,2
10,38,9
10,39,4
10,40,5
10,41,4
10,42,7
10,43,2
10,44,4
10,45,5
10,46,5
10,47,3
10,48,5
10,49,5
10,50,4
20,1,10
20,2,4
20,3,5
20,4,4
20,5,7
20,6,5
20,7,3
20,8,7
20,9,4
20,10,4
20,11,10
20,12,5
20,13,7
20,14,6
20,15,7
20,16,3
20,17,5
20,18,4
20,19,5
20,20,5
20,21,5
20,22,6
20,23,5
20,24,10
20,25,5
20,26,6
20,27,7
20,28,5
20,29,3
20,30,5
20,31,4
20,32,7
20,33,4
20,34,12
20,35,4
20,36,8
20,37,3
20,38,4
20,39,7
20,40,4
20,41,4
20,42,6
20,43,9
20,44,4
20,45,7
20,46,7
20,47,8
20,48,7
20,49,8
20,50,3
30,1,8
30,2,5
30,3,5
30,4,6
30,5,5
30,6,5
30,7,6
30,8,4
30,9,6
30,10,5
30,11,9
30,12,6
30,13,4
30,14,6
30,15,8
30,16,5
30,17,7
30,18,7
30,19,10
30,20,7
30,21,5
30,22,7
30,23,5
30,24,7
30,25,5
30,26,8
30,27,7
30,28,5
30,29,7
30,30,6
30,31,6
30,32,5
30,33,9
30,34,4
30,35,4
30,36,5
30,37,6
30,38,5
30,39,7
30,40,8
30,41,4
30,42,8
30,43,5
30,44,6
30,45,11
30,46,9
30,47,9
30,48,5
30,49,5
30,50,6
40,1,7
40,2,6
40,3,6
40,4,6
40,5,5
40,6,5
40,7,7
40,8,6
40,9,5
40,10,5
40,11,7
40,12,4
40,13,14
40,14,6
40,15,5
40,16,6
40,17,6
40,18,6
40,19,9
40,20,4
40,21,5
40,22,5
40,23,6
40,24,5
40,25,8
40,26,9
40,27,8
40,28,7
40,29,6
40,30,5
40,31,6
40,32,5
40,33,8
40,34,8
40,35,5
40,36,7
40,37,10
40,38,7
40,39,4
40,40,5
40,41,7
40,42,7
40,43,9
40,44,5
40,45,6
40,46,8
40,47,7
40,48,6
40,49,5
40,50,6
50,1,5
50,2,8
50,3,8
50,4,6
50,5,6
50,6,8
50,7,8
50,8,6
50,9,6
50,10,6
50,11,7
50,12,8
50,13,5
50,14,6
50,15,6
50,16,8
50,17,6
50,18,6
50,19,6
50,20,7
50,21,9
50,22,6
50,23,4
50,24,6
50,25,4
50,26,6
50,27,11
50,28,6
50,29,5
50,30,6
50,31,5
50,32,12
50,33,8
50,34,5
50,35,7
50,36,6
50,37,5
50,38,6
50,39,7
50,40,5
50,41,6
50,42,9
50,43,7
50,44,6
50,45,7
50,46,6
50,47,6
50,48,6
50,49,7
50,50,9
60,1,11
60,2,5
60,3,8
60,4,6
60,5,7
60,6,9
60,7,9
60,8,6
60,9,7
60,10,9
60,11,6
60,12,10
60,13,10
60,14,5
60,15,5
60,16,6
60,17,8
60,18,9
60,19,6
60,20,7
60,21,6
60,22,4
60,23,7
60,24,7
60,25,5
60,26,6
60,27,7
60,28,6
60,29,7
60,30,6
60,31,7
60,32,12
60,33,8
60,34,5
60,35,10
60,36,12
60,37,10
60,38,7
60,39,6
60,40,9
60,41,5
60,42,5
60,43,9
60,44,5
60,45,6
60,46,5
60,47,10
60,48,6
60,49,5
60,50,9
70,1,6
70,2,7
70,3,7
70,4,5
70,5,6
70,6,8
70,7,9
70,8,9
70,9,13
70,10,7
70,11,7
70,12,5
70,13,11
70,14,5
70,15,7
70,16,6
70,17,7
70,18,9
70,19,9
70,20,8
70,21,6
70,22,11
70,23,10
70,24,9
70,25,7
70,26,8
70,27,6
70,28,7
70,29,5
70,30,11
70,31,6
70,32,5
70,33,7
70,34,8
70,35,8
70,36,7
70,37,9
70,38,7
70,39,10
70,40,8
70,41,9
70,42,6
70,43,7
70,44,6
70,45,8
70,46,9
70,47,8
70,48,9
70,49,5
70,50,6
80,1,6
80,2,8
80,3,7
80,4,7
80,5,11
80,6,8
80,7,9
80,8,10
80,9,10
80,10,6
80,11,7
80,12,7
80,13,8
80,14,7
80,15,7
80,16,8
80,17,7
80,18,8
80,19,12
80,20,8
80,21,9
80,22,8
80,23,7
80,24,10
80,25,9
80,26,6
80,27,7
80,28,12
80,29,9
80,30,8
80,31,11
80,32,6
80,33,10
80,34,8
80,35,6
80,36,6
80,37,6
80,38,5
80,39,8
80,40,8
80,41,7
80,42,6
80,43,9
80,44,5
80,45,8
80,46,7
80,47,5
80,48,7
80,49,6
80,50,8
90,1,15
90,2,9
90,3,8
90,4,6
90,5,9
90,6,7
90,7,10
90,8,11
90,9,8
90,10,8
90,11,5
90,12,9
90,13,6
90,14,12
90,15,7
90,16,9
90,17,10
90,18,7
90,19,8
90,20,5
90,21,7
90,22,9
90,23,7
90,24,9
90,25,13
90,26,11
90,27,9
90,28,7
90,29,6
90,30,7
90,31,7
90,32,7
90,33,12
90,34,7
90,35,10
90,36,11
90,37,7
90,38,10
90,39,6
90,40,6
90,41,7
90,42,6
90,43,8
90,44,13
90,45,8
90,46,5
90,47,5
90,48,7
90,49,10
90,50,6
100,1,10
100,2,7
100,3,10
100,4,9
100,5,11
100,6,8
100,7,7
100,8,7
100,9,9
100,10,8
100,11,13
100,12,9
100,13,8
100,14,7
100,15,7
100,16,8
100,17,8
100,18,8
100,19,8
100,20,7
100,21,11
100,22,7
100,23,6
100,24,9
100,25,12
100,26,8
100,27,8
100,28,6
100,29,9
100,30,6
100,31,9
100,32,5
100,33,7
100,34,6
100,35,9
100,36,7
100,37,7
100,38,9
100,39,6
100,40,6
100,41,6
100,42,15
100,43,8
100,44,8
100,45,7
100,46,7
100,47,10
100,48,10
100,49,11
100,50,8
110,1,7
110,2,8
110,3,7
110,4,14
110,5,9
110,6,6
110,7,9
110,8,7
110,9,10
110,10,6
110,11,12
110,12,8
110,13,8
110,14,7
110,15,6
110,16,9
110,17,7
110,18,9
110,19,9
110,20,8
110,21,6
110,22,6
110,23,9
110,24,8
110,25,9
110,26,10
110,27,6
110,28,8
110,29,9
110,30,7
110,31,7
110,32,8
110,33,10
110,34,8
110,35,8
110,36,8
110,37,6
110,38,9
110,39,7
110,40,8
110,41,11
110,42,7
110,43,11
110,44,7
110,45,6
110,46,7
110,47,8
110,48,9
110,49,10
110,50,5
120,1,9
120,2,8
120,3,9
120,4,8
120,5,10
120,6,7
120,7,6
120,8,6
120,9,8
120,10,10
120,11,9
120,12,7
120,13,8
120,14,16
120,15,10
120,16,8
120,17,12
120,18,11
120,19,8
120,20,9
120,21,5
120,22,9
120,23,8
120,24,7
120,25,6
120,26,8
120,27,8
120,28,7
120,29,13
120,30,8
120,31,9
120,32,8
120,33,6
120,34,8
120,35,6
120,36,7
120,37,11
120,38,7
120,39,12
120,40,8
120,41,11
120,42,10
120,43,11
120,44,8
120,45,6
120,46,7
120,47,6
120,48,9
120,49,8
120,50,11
130,1,7
130,2,10
130,3,14
130,4,9
130,5,7
130,6,8
130,7,9
130,8,8
130,9,12
130,10,7
130,11,9
130,12,8
130,13,6
130,14,9
130,15,8
130,16,11
130,17,7
130,18,7
130,19,10
130,20,8
130,21,9
130,22,8
130,23,9
130,24,11
130,25,6
130,26,10
130,27,8
130,28,10
130,29,6
130,30,9
130,31,10
130,32,11
130,33,7
130,34,7
130,35,19
130,36,7
130,37,8
130,38,8
130,39,6
130,40,8
130,41,6
130,42,9
130,43,9
130,44,8
130,45,9
130,46,9
130,47,10
130,48,9
130,49,8
130,50,6
140,1,8
140,2,8
140,3,9
140,4,6
140,5,6
140,6,7
140,7,7
140,8,14
140,9,7
140,10,8
140,11,15
140,12,11
140,13,11
140,14,8
140,15,8
140,16,10
140,17,7
140,18,7
140,19,8
140,20,9
140,21,14
140,22,6
140,23,10
140,24,9
140,25,10
140,26,9
140,27,8
140,28,12
140,29,11
140,30,8
140,31,6
140,32,9
140,33,10
140,34,7
140,35,9
140,36,5
140,37,8
140,38,7
140,39,9
140,40,7
140,41,8
140,42,6
140,43,14
140,44,8
140,45,8
140,46,10
140,47,6
140,48,8
140,49,7
140,50,7
150,1,9
150,2,9
150,3,9
150,4,9
150,5,8
150,6,10
150,7,11
150,8,8
150,9,8
150,10,11
150,11,8
150,12,8
150,13,7
150,14,10
150,15,8
150,16,11
150,17,10
150,18,6
150,19,6
150,20,10
150,21,10
150,22,8
150,23,7
150,24,7
150,25,7
150,26,14
150,27,10
150,28,7
150,29,9
150,30,10
150,31,8
150,32,6
150,33,6
150,34,7
150,35,6
150,36,10
150,37,10
150,38,14
150,39,10
150,40,7
150,41,9
150,42,13
150,43,8
150,44,8
150,45,8
150,46,8
150,47,10
150,48,8
150,49,10
150,50,9
160,1,9
160,2,7
160,3,6
160,4,8
160,5,8
160,6,7
160,7,10
160,8,9
160,9,8
160,10,8
160,11,9
160,12,7
160,13,10
160,14,11
160,15,8
160,16,10
160,17,7
160,18,9
160,19,9
160,20,8
160,21,10
160,22,10
160,23,11
160,24,7
160,25,8
160,26,6
160,27,9
160,28,9
160,29,10
160,30,9
160,31,7
160,32,8
160,33,6
160,34,9
160,35,9
160,36,8
160,37,8
160,38,7
160,39,12
160,40,8
160,41,7
160,42,7
160,43,8
160,44,7
160,45,10
160,46,9
160,47,7
160,48,9
160,49,8
160,50,9
170,1,12
170,2,8
170,3,6
170,4,8
170,5,7
170,6,10
170,7,8
170,8,8
170,9,10
170,10,8
170,11,10
170,12,8
170,13,10
170,14,11
170,15,9
170,16,9
170,17,8
170,18,9
170,19,13
170,20,8
170,21,8
170,22,11
170,23,8
170,24,6
170,25,8
170,26,8
170,27,9
170,28,8
170,29,11
170,30,6
170,31,10
170,32,8
170,33,11
170,34,9
170,35,6
170,36,8
170,37,9
170,38,7
170,39,8
170,40,7
170,41,9
170,42,10
170,43,6
170,44,9
170,45,17
170,46,10
170,47,10
170,48,12
170,49,11
170,50,7
180,1,12
180,2,7
180,3,8
180,4,12
180,5,10
180,6,7
180,7,11
180,8,9
180,9,8
180,10,9
180,11,9
180,12,11
180,13,6
180,14,8
180,15,10
180,16,10
180,17,7
180,18,8
180,19,9
180,20,10
180,21,10
180,22,7
180,23,8
180,24,9
180,25,10
180,26,14
180,27,9
180,28,6
180,29,8
180,30,8
180,31,6
180,32,7
180,33,9
180,34,7
180,35,10
180,36,11
180,37,9
180,38,7
180,39,7
180,40,8
180,41,10
180,42,7
180,43,6
180,44,9
180,45,9
180,46,8
180,47,12
180,48,8
180,49,10
180,50,7
190,1,8
190,2,8
190,3,7
190,4,8
190,5,8
190,6,8
190,7,8
190,8,12
190,9,6
190,10,9
190,11,10
190,12,7
190,13,7
190,14,9
190,15,10
190,16,10
190,17,9
190,18,7
190,19,8
190,20,9
190,21,8
190,22,9
190,23,10
190,24,12
190,25,9
190,26,12
190,27,6
190,28,7
190,29,8
190,30,8
190,31,10
190,32,9
190,33,7
190,34,9
190,35,7
190,36,9
190,37,8
190,38,7
190,39,10
190,40,7
190,41,6
190,42,7
190,43,9
190,44,8
190,45,10
190,46,9
190,47,9
190,48,8
190,49,9
190,50,6
200,1,9
200,2,7
200,3,8
200,4,10
200,5,8
200,6,9
200,7,7
200,8,9
200,9,8
200,10,7
200,11,11
200,12,10
200,13,9
200,14,8
200,15,6
200,16,10
200,17,9
200,18,12
200,19,8
200,20,7
200,21,8
200,22,9
200,23,6
200,24,9
200,25,10
200,26,6
200,27,6
200,28,7
200,29,10
200,30,9
200,31,11
200,32,7
200,33,9
200,34,8
200,35,8
200,36,11
200,37,10
200,38,7
200,39,9
200,40,10
200,41,10
200,42,9
200,43,14
200,44,6
200,45,7
200,46,7
200,47,7
200,48,11
200,49,8
200,50,9
210,1,8
210,2,8
210,3,9
210,4,9
210,5,11
210,6,7
210,7,7
210,8,8
210,9,8
210,10,7
210,11,7
210,12,9
210,13,9
210,14,11
210,15,7
210,16,9
210,17,9
210,18,8
210,19,8
210,20,8
210,21,10
210,22,12
210,23,8
210,24,10
210,25,10
210,26,10
210,27,7
210,28,9
210,29,12
210,30,11
210,31,7
210,32,10
210,33,8
210,34,8
210,35,8
210,36,9
210,37,8
210,38,9
210,39,8
210,40,8
210,41,8
210,42,7
210,43,12
210,44,9
210,45,10
210,46,7
210,47,10
210,48,10
210,49,10
210,50,9
220,1,9
220,2,10
220,3,7
220,4,9
220,5,11
220,6,10
220,7,9
220,8,11
220,9,12
220,10,8
220,11,8
220,12,8
220,13,8
220,14,6
220,15,10
220,16,8
220,17,9
220,18,9
220,19,7
220,20,12
220,21,7
220,22,8
220,23,8
220,24,8
220,25,9
220,26,7
220,27,9
220,28,9
220,29,12
220,30,7
220,31,10
220,32,8
220,33,8
220,34,8
220,35,11
220,36,13
220,37,8
220,38,9
220,39,7
220,40,8
220,41,8
220,42,8
220,43,7
220,44,7
220,45,10
220,46,8
220,47,8
220,48,10
220,49,12
220,50,11
230,1,7
230,2,9
230,3,9
230,4,11
230,5,10
230,6,9
230,7,14
230,8,14
230,9,13
230,10,8
230,11,9
230,12,8
230,13,5
230,14,9
230,15,8
230,16,8
230,17,7
230,18,10
230,19,9
230,20,8
230,21,10
230,22,7
230,23,7
230,24,8
230,25,9
230,26,9
230,27,7
230,28,8
230,29,11
230,30,9
230,31,9
230,32,12
230,33,9
230,34,9
230,35,9
230,36,12
230,37,7
230,38,7
230,39,10
230,40,8
230,41,9
230,42,10
230,43,9
230,44,8
230,45,11
230,46,7
230,47,6
230,48,13
230,49,9
230,50,8
240,1,7
240,2,8
240,3,8
240,4,5
240,5,9
240,6,7
240,7,11
240,8,9
240,9,9
240,10,14
240,11,11
240,12,11
240,13,7
240,14,8
240,15,8
240,16,11
240,17,8
240,18,10
240,19,7
240,20,11
240,21,8
240,22,11
240,23,10
240,24,11
240,25,8
240,26,10
240,27,13
240,28,7
240,29,9
240,30,8
240,31,7
240,32,11
240,33,10
240,34,7
240,35,8
240,36,9
240,37,10
240,38,7
240,39,13
240,40,10
240,41,12
240,42,9
240,43,10
240,44,9
240,45,13
240,46,9
240,47,8
240,48,13
240,49,11
240,50,10
250,1,8
250,2,14
250,3,6
250,4,10
250,5,13
250,6,10
250,7,7
250,8,15
250,9,9
250,10,10
250,11,10
250,12,9
250,13,8
250,14,12
250,15,16
250,16,9
250,17,8
250,18,8
250,19,9
250,20,16
250,21,9
250,22,9
250,23,10
250,24,8
250,25,6
250,26,8
250,27,11
250,28,8
250,29,7
250,30,7
250,31,7
250,32,9
250,33,8
250,34,7
250,35,9
250,36,11
250,37,7
250,38,11
250,39,9
250,40,14
250,41,9
250,42,8
250,43,7
250,44,12
250,45,9
250,46,9
250,47,8
250,48,14
250,49,6
250,50,9
260,1,9
260,2,8
260,3,12
260,4,11
260,5,11
260,6,8
260,7,13
260,8,10
260,9,9
260,10,8
260,11,8
260,12,11
260,13,10
260,14,11
260,15,9
260,16,10
260,17,8
260,18,9
260,19,11
260,20,11
260,21,9
260,22,6
260,23,11
260,24,11
260,25,9
260,26,10
260,27,7
260,28,15
260,29,9
260,30,10
260,31,8
260,32,10
260,33,13
260,34,8
260,35,9
260,36,7
260,37,7
260,38,9
260,39,8
260,40,8
260,41,7
260,42,7
260,43,12
260,44,10
260,45,8
260,46,8
260,47,8
260,48,10
260,49,11
260,50,9
270,1,9
270,2,9
270,3,10
270,4,9
270,5,8
270,6,8
270,7,8
270,8,10
270,9,9
270,10,8
270,11,8
270,12,12
270,13,12
270,14,11
270,15,10
270,16,9
270,17,8
270,18,23
270,19,9
270,20,9
270,21,9
270,22,10
270,23,11
270,24,10
270,25,7
270,26,11
270,27,8
270,28,8
270,29,11
270,30,10
270,31,10
270,32,9
270,33,8
270,34,9
270,35,9
270,36,9
270,37,8
270,38,9
270,39,11
270,40,12
270,41,9
270,42,8
270,43,9
270,44,9
270,45,12
270,46,8
270,47,11
270,48,8
270,49,9
270,50,10
280,1,9
280,2,7
280,3,14
280,4,7
280,5,16
280,6,9
280,7,12
280,8,12
280,9,7
280,10,10
280,11,11
280,12,8
280,13,10
280,14,7
280,15,11
280,16,8
280,17,11
280,18,9
280,19,11
280,20,13
280,21,12
280,22,10
280,23,11
280,24,8
280,25,9
280,26,12
280,27,8
280,28,12
280,29,8
280,30,11
280,31,7
280,32,13
280,33,8
280,34,12
280,35,7
280,36,7
280,37,8
280,38,7
280,39,11
280,40,8
280,41,12
280,42,11
280,43,10
280,44,6
280,45,10
280,46,8
280,47,7
280,48,10
280,49,13
280,50,9
290,1,8
290,2,8
290,3,11
290,4,10
290,5,11
290,6,8
290,7,9
290,8,9
290,9,8
290,10,7
290,11,10
290,12,15
290,13,7
290,14,12
290,15,11
290,16,9
290,17,10
290,18,9
290,19,9
290,20,10
290,21,11
290,22,9
290,23,8
290,24,10
290,25,13
290,26,8
290,27,8
290,28,11
290,29,11
290,30,9
290,31,10
290,32,9
290,33,9
290,34,7
290,35,12
290,36,9
290,37,11
290,38,10
290,39,9
290,40,7
290,41,11
290,42,10
290,43,7
290,44,11
290,45,11
290,46,8
290,47,12
290,48,8
290,49,8
290,50,11
300,1,11
300,2,9
300,3,9
300,4,9
300,5,9
300,6,10
300,7,10
300,8,9
300,9,12
300,10,8
300,11,11
300,12,8
300,13,10
300,14,12
300,15,12
300,16,11
300,17,10
300,18,9
300,19,9
300,20,9
300,21,13
300,22,8
300,23,9
300,24,7
300,25,9
300,26,8
300,27,11
300,28,10
300,29,9
300,30,13
300,31,9
300,32,15
300,33,10
300,34,8
300,35,10
300,36,10
300,37,10
300,38,9
300,39,12
300,40,11
300,41,11
300,42,10
300,43,9
300,44,7
300,45,8
300,46,9
300,47,14
300,48,8
300,49,9
300,50,11
310,1,10
310,2,10
310,3,11
310,4,9
310,5,8
310,6,9
310,7,9
310,8,9
310,9,8
310,10,8
310,11,9
310,12,10
310,13,8
310,14,11
310,15,8
310,16,13
310,17,15
310,18,9
310,19,7
310,20,8
310,21,10
310,22,11
310,23,13
310,24,10
310,25,10
310,26,8
310,27,6
310,28,10
310,29,7
310,30,8
310,31,6
310,32,8
310,33,8
310,34,9
310,35,9
310,36,7
310,37,9
310,38,9
310,39,7
310,40,8
310,41,8
310,42,9
310,43,7
310,44,9
310,45,9
310,46,10
310,47,12
310,48,7
310,49,9
310,50,10
320,1,9
320,2,8
320,3,10
320,4,13
320,5,9
320,6,10
320,7,11
320,8,9
320,9,8
320,10,8
320,11,11
320,12,8
320,13,9
320,14,12
320,15,9
320,16,10
320,17,9
320,18,9
320,19,9
320,20,9
320,21,10
320,22,11
320,23,9
320,24,10
320,25,7
320,26,11
320,27,10
320,28,11
320,29,9
320,30,7
320,31,7
320,32,10
320,33,12
320,34,8
320,35,8
320,36,9
320,37,9
320,38,13
320,39,11
320,40,10
320,41,12
320,42,10
320,43,10
320,44,11
320,45,8
320,46,16
320,47,9
320,48,9
320,49,11
320,50,13
330,1,10
330,2,7
330,3,12
330,4,10
330,5,9
330,6,11
330,7,7
330,8,10
330,9,11
330,10,10
330,11,10
330,12,8
330,13,13
330,14,7
330,15,11
330,16,8
330,17,7
330,18,9
330,19,10
330,20,9
330,21,10
330,22,12
330,23,8
330,24,8
330,25,9
330,26,9
330,27,11
330,28,11
330,29,9
330,30,9
330,31,10
330,32,9
330,33,9
330,34,11
330,35,11
330,36,10
330,37,8
330,38,13
330,39,7
330,40,7
330,41,10
330,42,10
330,43,8
330,44,7
330,45,12
330,46,8
330,47,9
330,48,8
330,49,12
330,50,7
340,1,12
340,2,6
340,3,9
340,4,9
340,5,10
340,6,10
340,7,10
340,8,8
340,9,9
340,10,9
340,11,13
340,12,8
340,13,9
340,14,11
340,15,9
340,16,13
340,17,8
340,18,9
340,19,11
340,20,11
340,21,8
340,22,9
340,23,12
340,24,7
340,25,10
340,26,15
340,27,10
340,28,10
340,29,8
340,30,11
340,31,7
340,32,10
340,33,8
340,34,9
340,35,9
340,36,10
340,37,10
340,38,11
340,39,9
340,40,9
340,41,9
340,42,9
340,43,10
340,44,8
340,45,8
340,46,11
340,47,9
340,48,7
340,49,9
340,50,8
350,1,11
350,2,13
350,3,7
350,4,13
350,5,7
350,6,9
350,7,11
350,8,9
350,9,7
350,10,8
350,11,8
350,12,12
350,13,9
350,14,11
350,15,11
350,16,9
350,17,8
350,18,8
350,19,8
350,20,11
350,21,11
350,22,11
350,23,8
350,24,8
350,25,14
350,26,7
350,27,11
350,28,8
350,29,9
350,30,10
350,31,9
350,32,9
350,33,10
350,34,18
350,35,9
350,36,10
350,37,9
350,38,9
350,39,11
350,40,10
350,41,8
350,42,9
350,43,10
350,44,9
350,45,9
350,46,11
350,47,12
350,48,9
350,49,12
350,50,9
360,1,9
360,2,10
360,3,9
360,4,8
360,5,8
360,6,9
360,7,11
360,8,9
360,9,10
360,10,14
360,11,10
360,12,13
360,13,7
360,14,12
360,15,8
360,16,7
360,17,11
360,18,6
360,19,8
360,20,10
360,21,8
360,22,10
360,23,9
360,24,10
360,25,8
360,26,9
360,27,9
360,28,12
360,29,9
360,30,11
360,31,9
360,32,8
360,33,10
360,34,8
360,35,9
360,36,11
360,37,8
360,38,11
360,39,12
360,40,11
360,41,8
360,42,10
360,43,11
360,44,9
360,45,9
360,46,13
360,47,11
360,48,12
360,49,9
360,50,8
370,1,9
370,2,7
370,3,10
370,4,8
370,5,10
370,6,9
370,7,10
370,8,12
370,9,9
370,10,12
370,11,9
370,12,9
370,13,10
370,14,9
370,15,10
370,16,9
370,17,9
370,18,9
370,19,15
370,20,12
370,21,8
370,22,9
370,23,7
370,24,8
370,25,11
370,26,14
370,27,8
370,28,7
370,29,7
370,30,9
370,31,15
370,32,10
370,33,7
370,34,9
370,35,10
370,36,11
370,37,8
370,38,11
370,39,9
370,40,10
370,41,8
370,42,11
370,43,9
370,44,10
370,45,11
370,46,10
370,47,11
370,48,7
370,49,9
370,50,11
380,1,8
380,2,14
380,3,10
380,4,9
380,5,11
380,6,8
380,7,11
380,8,10
380,9,12
380,10,11
380,11,8
380,12,12
380,13,9
380,14,9
380,15,8
380,16,12
380,17,9
380,18,13
380,19,8
380,20,9
380,21,8
380,22,11
380,23,10
380,24,15
380,25,9
380,26,8
380,27,11
380,28,13
380,29,8
380,30,9
380,31,11
380,32,7
380,33,8
380,34,9
380,35,8
380,36,10
380,37,15
380,38,10
380,39,9
380,40,10
380,41,9
380,42,9
380,43,10
380,44,12
380,45,10
380,46,11
380,47,9
380,48,8
380,49,7
380,50,8
390,1,11
390,2,8
390,3,9
390,4,9
390,5,11
390,6,9
390,7,9
390,8,11
390,9,10
390,10,11
390,11,9
390,12,10
390,13,11
390,14,10
390,15,9
390,16,12
390,17,12
390,18,10
390,19,8
390,20,9
390,21,9
390,22,10
390,23,10
390,24,10
390,25,12
390,26,8
390,27,11
390,28,12
390,29,10
390,30,10
390,31,9
390,32,8
390,33,12
390,34,8
390,35,9
390,36,10
390,37,9
390,38,19
390,39,8
390,40,10
390,41,10
390,42,8
390,43,7
390,44,8
390,45,9
390,46,13
390,47,12
390,48,10
390,49,9
390,50,11
400,1,11
400,2,8
400,3,13
400,4,13
400,5,11
400,6,9
400,7,8
400,8,11
400,9,9
400,10,10
400,11,9
400,12,7
400,13,10
400,14,9
400,15,10
400,16,9
400,17,8
400,18,9
400,19,10
400,20,15
400,21,12
400,22,9
400,23,9
400,24,10
400,25,8
400,26,12
400,27,9
400,28,8
400,29,10
400,30,10
400,31,8
400,32,12
400,33,9
400,34,9
400,35,10
400,36,10
400,37,12
400,38,11
400,39,11
400,40,11
400,41,8
400,42,14
400,43,8
400,44,8
400,45,9
400,46,8
400,47,10
400,48,9
400,49,10
400,50,11
410,1,11
410,2,10
410,3,13
410,4,9
410,5,11
410,6,10
410,7,8
410,8,10
410,9,11
410,10,11
410,11,14
410,12,8
410,13,8
410,14,9
410,15,9
410,16,9
410,17,11
410,18,11
410,19,9
410,20,10
410,21,11
410,22,10
410,23,9
410,24,9
410,25,11
410,26,9
410,27,9
410,28,10
410,29,10
410,30,11
410,31,10
410,32,10
410,33,9
410,34,12
410,35,11
410,36,8
410,37,8
410,38,14
410,39,11
410,40,7
410,41,12
410,42,10
410,43,13
410,44,10
410,45,12
410,46,12
410,47,8
410,48,8
410,49,9
410,50,11
420,1,9
420,2,10
420,3,13
420,4,9
420,5,8
420,6,9
420,7,13
420,8,8
420,9,8
420,10,12
420,11,11
420,12,7
420,13,12
420,14,10
420,15,8
420,16,9
420,17,9
420,18,7
420,19,10
420,20,9
420,21,9
420,22,11
420,23,13
420,24,12
420,25,8
420,26,10
420,27,12
420,28,11
420,29,11
420,30,13
420,31,9
420,32,9
420,33,9
420,34,9
420,35,10
420,36,10
420,37,11
420,38,9
420,39,11
420,40,11
420,41,9
420,42,14
420,43,9
420,44,12
420,45,8
420,46,9
420,47,8
420,48,11
420,49,11
420,50,10
430,1,10
430,2,9
430,3,8
430,4,10
430,5,7
430,6,9
430,7,11
430,8,11
430,9,9
430,10,9
430,11,11
430,12,8
430,13,11
430,14,9
430,15,10
430,16,8
430,17,8
430,18,9
430,19,7
430,20,8
430,21,9
430,22,7
430,23,9
430,24,8
430,25,9
430,26,9
430,27,10
430,28,8
430,29,12
430,30,10
430,31,10
430,32,9
430,33,8
430,34,11
430,35,10
430,36,12
430,37,11
430,38,9
430,39,9
430,40,10
430,41,8
430,42,11
430,43,11
430,44,10
430,45,9
430,46,11
430,47,11
430,48,11
430,49,9
430,50,9
440,1,8
440,2,9
440,3,13
440,4,11
440,5,12
440,6,10
440,7,10
440,8,11
440,9,10
440,10,9
440,11,12
440,12,11
440,13,14
440,14,10
440,15,14
440,16,9
440,17,9
440,18,9
440,19,11
440,20,9
440,21,12
440,22,13
440,23,9
440,24,7
440,25,8
440,26,13
440,27,9
440,28,16
440,29,11
440,30,12
440,31,9
440,32,11
440,33,9
440,34,9
440,35,13
440,36,7
440,37,8
440,38,8
440,39,7
440,40,9
440,41,9
440,42,7
440,43,13
440,44,13
440,45,13
440,46,9
440,47,10
440,48,8
440,49,8
440,50,10
450,1,12
450,2,9
450,3,9
450,4,11
450,5,10
450,6,8
450,7,13
450,8,9
450,9,9
450,10,10
450,11,8
450,12,13
450,13,14
450,14,8
450,15,15
450,16,8
450,17,10
450,18,10
450,19,10
450,20,11
450,21,8
450,22,9
450,23,10
450,24,10
450,25,9
450,26,10
450,27,8
450,28,12
450,29,9
450,30,12
450,31,11
450,32,10
450,33,10
450,34,9
450,35,15
450,36,9
450,37,8
450,38,10
450,39,8
450,40,9
450,41,10
450,42,9
450,43,9
450,44,10
450,45,12
450,46,11
450,47,11
450,48,11
450,49,8
450,50,12
460,1,9
460,2,13
460,3,11
460,4,8
460,5,11
460,6,17
460,7,10
460,8,10
460,9,12
460,10,10
460,11,9
460,12,9
460,13,12
460,14,11
460,15,8
460,16,11
460,17,10
460,18,9
460,19,13
460,20,14
460,21,12
460,22,9
460,23,10
460,24,8
460,25,11
460,26,10
460,27,8
460,28,8
460,29,9
460,30,11
460,31,14
460,32,11
460,33,10
460,34,9
460,35,9
460,36,10
460,37,11
460,38,11
460,39,11
460,40,10
460,41,9
460,42,13
460,43,10
460,44,11
460,45,9
460,46,11
460,47,8
460,48,8
460,49,7
460,50,8
470,1,9
470,2,9
470,3,10
470,4,8
470,5,9
470,6,8
470,7,16
470,8,11
470,9,10
470,10,12
470,11,9
470,12,12
470,13,12
470,14,9
470,15,9
470,16,9
470,17,7
470,18,9
470,19,9
470,20,11
470,21,15
470,22,10
470,23,9
470,24,7
470,25,12
470,26,11
470,27,10
470,28,12
470,29,10
470,30,9
470,31,10
470,32,12
470,33,11
470,34,10
470,35,9
470,36,12
470,37,8
470,38,11
470,39,9
470,40,9
470,41,11
470,42,12
470,43,8
470,44,10
470,45,9
470,46,9
470,47,14
470,48,11
470,49,9
470,50,10
480,1,11
480,2,9
480,3,9
480,4,11
480,5,9
480,6,11
480,7,12
480,8,10
480,9,8
480,10,16
480,11,9
480,12,9
480,13,12
480,14,8
480,15,8
480,16,9
480,17,12
480,18,8
480,19,8
480,20,11
480,21,13
480,22,12
480,23,9
480,24,14
480,25,12
480,26,12
480,27,9
480,28,10
480,29,9
480,30,15
480,31,11
480,32,11
480,33,11
480,34,16
480,35,13
480,36,11
480,37,10
480,38,9
480,39,11
480,40,9
480,41,12
480,42,12
480,43,10
480,44,11
480,45,11
480,46,9
480,47,16
480,48,9
480,49,11
480,50,11
490,1,10
490,2,12
490,3,14
490,4,10
490,5,10
490,6,12
490,7,11
490,8,11
490,9,11
490,10,9
490,11,9
490,12,11
490,13,8
490,14,10
490,15,8
490,16,9
490,17,9
490,18,9
490,19,10
490,20,8
490,21,10
490,22,14
490,23,11
490,24,10
490,25,8
490,26,11
490,27,10
490,28,9
490,29,8
490,30,11
490,31,10
490,32,13
490,33,8
490,34,8
490,35,9
490,36,15
490,37,10
490,38,10
490,39,13
490,40,9
490,41,9
490,42,15
490,43,11
490,44,12
490,45,10
490,46,10
490,47,9
490,48,10
490,49,8
490,50,15
500,1,11
500,2,8
500,3,10
500,4,11
500,5,10
500,6,9
500,7,10
500,8,9
500,9,9
500,10,12
500,11,10
500,12,7
500,13,12
500,14,9
500,15,10
500,16,14
500,17,9
500,18,11
500,19,10
500,20,9
500,21,11
500,22,12
500,23,9
500,24,10
500,25,8
500,26,8
500,27,13
500,28,10
500,29,8
500,30,9
500,31,13
500,32,11
500,33,8
500,34,12
500,35,13
500,36,14
500,37,9
500,38,8
500,39,9
500,40,11
500,41,10
500,42,11
500,43,12
500,44,9
500,45,10
500,46,10
500,47,10
500,48,10
500,49,8
500,50,8
510,1,12
510,2,10
510,3,10
510,4,12
510,5,10
510,6,13
510,7,9
510,8,10
510,9,10
510,10,10
510,11,8
510,12,9
510,13,14
510,14,13
510,15,10
510,16,12
510,17,7
510,18,9
510,19,12
510,20,11
510,21,10
510,22,10
510,23,9
510,24,11
510,25,8
510,26,11
510,27,12
510,28,9
510,29,9
510,30,9
510,31,8
510,32,11
510,33,9
510,34,11
510,35,8
510,36,10
510,37,11
510,38,9
510,39,11
510,40,12
510,41,9
510,42,9
510,43,8
510,44,10
510,45,12
510,46,10
510,47,10
510,48,11
510,49,8
510,50,9
520,1,10
520,2,11
520,3,8
520,4,10
520,5,10
520,6,9
520,7,8
520,8,10
520,9,11
520,10,12
520,11,10
520,12,9
520,13,13
520,14,10
520,15,12
520,16,8
520,17,9
520,18,9
520,19,7
520,20,11
520,21,11
520,22,10
520,23,13
520,24,10
520,25,9
520,26,11
520,27,10
520,28,9
520,29,9
520,30,9
520,31,10
520,32,10
520,33,12
520,34,12
520,35,8
520,36,10
520,37,11
520,38,8
520,39,8
520,40,14
520,41,11
520,42,10
520,43,9
520,44,11
520,45,10
520,46,15
520,47,9
520,48,10
520,49,10
520,50,8
530,1,11
530,2,10
530,3,10
530,4,9
530,5,9
530,6,8
530,7,12
530,8,9
530,9,11
530,10,9
530,11,9
530,12,9
530,13,10
530,14,8
530,15,12
530,16,13
530,17,10
530,18,13
530,19,10
530,20,13
530,21,11
530,22,11
530,23,14
530,24,12
530,25,9
530,26,10
530,27,8
530,28,9
530,29,9
530,30,9
530,31,12
530,32,9
530,33,10
530,34,9
530,35,12
530,36,13
530,37,9
530,38,11
530,39,14
530,40,12
530,41,10
530,42,9
530,43,8
530,44,13
530,45,10
530,46,11
530,47,9
530,48,11
530,49,12
530,50,9
540,1,12
540,2,10
540,3,10
540,4,9
540,5,8
540,6,14
540,7,11
540,8,16
540,9,10
540,10,11
540,11,9
540,12,10
540,13,10
540,14,9
540,15,7
540,16,9
540,17,9
540,18,11
540,19,9
540,20,9
540,21,8
540,22,13
540,23,10
540,24,13
540,25,8
540,26,12
540,27,9
540,28,12
540,29,10
540,30,11
540,31,13
540,32,9
540,33,12
540,34,8
540,35,12
540,36,10
540,37,10
540,38,10
540,39,10
540,40,14
540,41,10
540,42,10
540,43,14
540,44,10
540,45,15
540,46,8
540,47,10
540,48,11
540,49,11
540,50,9
550,1,10
550,2,9
550,3,14
550,4,8
550,5,11
550,6,12
550,7,10
550,8,9
550,9,11
550,10,10
550,11,11
550,12,11
550,13,12
550,14,13
550,15,13
550,16,12
550,17,9
550,18,8
550,19,9
550,20,10
550,21,9
550,22,14
550,23,13
550,24,13
550,25,12
550,26,9
550,27,12
550,28,17
550,29,11
550,30,11
550,31,10
550,32,9
550,33,10
550,34,10
550,35,9
550,36,11
550,37,9
550,38,9
550,39,14
550,40,9
550,41,12
550,42,11
550,43,11
550,44,10
550,45,10
550,46,10
550,47,10
550,48,10
550,49,11
550,50,14
560,1,12
560,2,10
560,3,10
560,4,10
560,5,9
560,6,9
560,7,10
560,8,10
560,9,12
560,10,10
560,11,10
560,12,8
560,13,12
560,14,11
560,15,11
560,16,10
560,17,12
560,18,10
560,19,9
560,20,12
560,21,9
560,22,9
560,23,10
560,24,11
560,25,11
560,26,8
560,27,10
560,28,12
560,29,9
560,30,12
560,31,12
560,32,12
560,33,11
560,34,10
560,35,9
560,36,12
560,37,12
560,38,16
560,39,11
560,40,10
560,41,10
560,42,11
560,43,10
560,44,10
560,45,10
560,46,12
560,47,13
560,48,10
560,49,9
560,50,10
570,1,8
570,2,10
570,3,10
570,4,9
570,5,9
570,6,9
570,7,11
570,8,11
570,9,8
570,10,12
570,11,10
570,12,10
570,13,9
570,14,12
570,15,14
570,16,11
570,17,11
570,18,11
570,19,8
570,20,14
570,21,17
570,22,9
570,23,9
570,24,15
570,25,13
570,26,11
570,27,18
570,28,10
570,29,10
570,30,12
570,31,11
570,32,10
570,33,14
570,34,9
570,35,10
570,36,12
570,37,9
570,38,11
570,39,12
570,40,9
570,41,10
570,42,13
570,43,9
570,44,8
570,45,11
570,46,9
570,47,10
570,48,11
570,49,13
570,50,9
580,1,16
580,2,12
580,3,12
580,4,10
580,5,8
580,6,10
580,7,12
580,8,8
580,9,9
580,10,10
580,11,9
580,12,10
580,13,10
580,14,9
580,15,12
580,16,10
580,17,12
580,18,11
580,19,9
580,20,9
580,21,9
580,22,8
580,23,9
580,24,9
580,25,11
580,26,9
580,27,10
580,28,9
580,29,10
580,30,10
580,31,13
580,32,10
580,33,10
580,34,8
580,35,10
580,36,13
580,37,9
580,38,12
580,39,12
580,40,10
580,41,9
580,42,12
580,43,11
580,44,14
580,45,16
580,46,10
580,47,11
580,48,12
580,49,9
580,50,9
590,1,10
590,2,8
590,3,8
590,4,12
590,5,10
590,6,11
590,7,9
590,8,9
590,9,9
590,10,11
590,11,11
590,12,9
590,13,13
590,14,10
590,15,9
590,16,9
590,17,8
590,18,9
590,19,9
590,20,9
590,21,9
590,22,15
590,23,10
590,24,13
590,25,14
590,26,11
590,27,11
590,28,9
590,29,9
590,30,11
590,31,8
590,32,10
590,33,11
590,34,12
590,35,10
590,36,9
590,37,8
590,38,11
590,39,10
590,40,11
590,41,9
590,42,9
590,43,8
590,44,11
590,45,8
590,46,11
590,47,8
590,48,10
590,49,11
590,50,13
600,1,11
600,2,10
600,3,10
600,4,11
600,5,10
600,6,10
600,7,9
600,8,15
600,9,8
600,10,11
600,11,10
600,12,10
600,13,12
600,14,15
600,15,11
600,16,11
600,17,10
600,18,14
600,19,9
600,20,9
600,21,13
600,22,12
600,23,10
600,24,16
600,25,12
600,26,13
600,27,10
600,28,12
600,29,12
600,30,11
600,31,14
600,32,12
600,33,12
600,34,9
600,35,11
600,36,9
600,37,9
600,38,9
600,39,10
600,40,10
600,41,13
600,42,9
600,43,9
600,44,13
600,45,9
600,46,10
600,47,10
600,48,10
600,49,9
600,50,12
610,1,9
610,2,10
610,3,9
610,4,10
610,5,9
610,6,11
610,7,8
610,8,14
610,9,11
610,10,10
610,11,7
610,12,10
610,13,11
610,14,11
610,15,11
610,16,9
610,17,13
610,18,9
610,19,8
610,20,11
610,21,11
610,22,11
610,23,11
610,24,12
610,25,12
610,26,15
610,27,9
610,28,11
610,29,9
610,30,11
610,31,11
610,32,11
610,33,8
610,34,11
610,35,8
610,36,9
610,37,11
610,38,10
610,39,11
610,40,9
610,41,11
610,42,10
610,43,10
610,44,9
610,45,9
610,46,9
610,47,9
610,48,9
610,49,9
610,50,13
620,1,12
620,2,9
620,3,15
620,4,9
620,5,11
620,6,8
620,7,11
620,8,11
620,9,13
620,10,10
620,11,9
620,12,12
620,13,10
620,14,12
620,15,16
620,16,9
620,17,9
620,18,9
620,19,11
620,20,10
620,21,11
620,22,9
620,23,10
620,24,13
620,25,11
620,26,8
620,27,14
620,28,8
620,29,12
620,30,16
620,31,11
620,32,15
620,33,9
620,34,10
620,35,10
620,36,13
620,37,11
620,38,9
620,39,13
620,40,11
620,41,11
620,42,9
620,43,10
620,44,12
620,45,10
620,46,13
620,47,9
620,48,9
620,49,8
620,50,11
630,1,9
630,2,9
630,3,11
630,4,10
630,5,9
630,6,9
630,7,11
630,8,8
630,9,9
630,10,11
630,11,8
630,12,10
630,13,11
630,14,8
630,15,9
630,16,11
630,17,14
630,18,10
630,19,13
630,20,11
630,21,9
630,22,9
630,23,9
630,24,11
630,25,9
630,26,10
630,27,10
630,28,17
630,29,9
630,30,12
630,31,10
630,32,9
630,33,11
630,34,11
630,35,9
630,36,9
630,37,10
630,38,12
630,39,9
630,40,8
630,41,11
630,42,17
630,43,12
630,44,11
630,45,11
630,46,14
630,47,12
630,48,9
630,49,10
630,50,15
640,1,8
640,2,12
640,3,10
640,4,11
640,5,8
640,6,13
640,7,13
640,8,9
640,9,9
640,10,10
640,11,10
640,12,10
640,13,10
640,14,8
640,15,15
640,16,9
640,17,10
640,18,14
640,19,10
640,20,10
640,21,12
640,22,11
640,23,9
640,24,8
640,25,12
640,26,11
640,27,9
640,28,12
640,29,10
640,30,12
640,31,10
640,32,13
640,33,10
640,34,14
640,35,12
640,36,10
640,37,9
640,38,12
640,39,12
640,40,13
640,41,11
640,42,11
640,43,9
640,44,9
640,45,9
640,46,8
640,47,10
640,48,10
640,49,9
640,50,11
650,1,12
650,2,10
650,3,10
650,4,11
650,5,10
650,6,10
650,7,8
650,8,9
650,9,12
650,10,9
650,11,9
650,12,12
650,13,8
650,14,13
650,15,11
650,16,10
650,17,8
650,18,9
650,19,10
650,20,9
650,21,10
650,22,9
650,23,10
650,24,9
650,25,12
650,26,12
650,27,10
650,28,10
650,29,13
650,30,12
650,31,14
650,32,10
650,33,10
650,34,12
650,35,13
650,36,11
650,37,8
650,38,13
650,39,15
650,40,12
650,41,13
650,42,9
650,43,11
650,44,10
650,45,10
650,46,12
650,47,8
650,48,10
650,49,10
650,50,11
660,1,12
660,2,11
660,3,12
660,4,14
660,5,11
660,6,13
660,7,11
660,8,11
660,9,10
660,10,10
660,11,11
660,12,11
660,13,8
660,14,10
660,15,9
660,16,9
660,17,9
660,18,12
660,19,11
660,20,12
660,21,9
660,22,10
660,23,10
660,24,8
660,25,9
660,26,12
660,27,10
660,28,12
660,29,11
660,30,11
660,31,14
660,32,11
660,33,11
660,34,8
660,35,14
660,36,12
660,37,12
660,38,10
660,39,10
660,40,12
660,41,13
660,42,9
660,43,13
660,44,10
660,45,10
660,46,12
660,47,10
660,48,12
660,49,11
660,50,10
670,1,12
670,2,10
670,3,11
670,4,12
670,5,10
670,6,12
670,7,11
670,8,11
670,9,8
670,10,9
670,11,10
670,12,9
670,13,15
670,14,13
670,15,9
670,16,9
670,17,12
670,18,11
670,19,10
670,20,8
670,21,11
670,22,11
670,23,11
670,24,10
670,25,11
670,26,11
670,27,10
670,28,9
670,29,11
670,30,19
670,31,12
670,32,10
670,33,14
670,34,9
670,35,9
670,36,9
670,37,9
670,38,12
670,39,8
670,40,10
670,41,10
670,42,13
670,43,12
670,44,13
670,45,10
670,46,9
670,47,8
670,48,9
670,49,12
670,50,10
680,1,11
680,2,11
680,3,11
680,4,9
680,5,12
680,6,12
680,7,10
680,8,13
680,9,9
680,10,11
680,11,9
680,12,12
680,13,10
680,14,10
680,15,11
680,16,11
680,17,10
680,18,9
680,19,15
680,20,11
680,21,12
680,22,10
680,23,10
680,24,11
680,25,10
680,26,9
680,27,9
680,28,10
680,29,15
680,30,10
680,31,9
680,32,10
680,33,9
680,34,11
680,35,9
680,36,10
680,37,12
680,38,12
680,39,11
680,40,11
680,41,10
680,42,12
680,43,9
680,44,9
680,45,14
680,46,11
680,47,9
680,48,11
680,49,11
680,50,8
690,1,8
690,2,12
690,3,10
690,4,9
690,5,9
690,6,11
690,7,9
690,8,13
690,9,9
690,10,10
690,11,11
690,12,11
690,13,10
690,14,10
690,15,13
690,16,10
690,17,11
690,18,10
690,19,11
690,20,11
690,21,12
690,22,12
690,23,9
690,24,13
690,25,11
690,26,10
690,27,11
690,28,16
690,29,8
690,30,15
690,31,9
690,32,11
690,33,16
690,34,9
690,35,10
690,36,10
690,37,10
690,38,12
690,39,18
690,40,11
690,41,11
690,42,10
690,43,11
690,44,11
690,45,9
690,46,11
690,47,9
690,48,10
690,49,15
690,50,8
700,1,15
700,2,10
700,3,11
700,4,9
700,5,12
700,6,9
700,7,9
700,8,10
700,9,11
700,10,9
700,11,10
700,12,15
700,13,10
700,14,11
700,15,10
700,16,9
700,17,10
700,18,10
700,19,9
700,20,11
700,21,9
700,22,13
700,23,13
700,24,10
700,25,12
700,26,8
700,27,10
700,28,11
700,29,14
700,30,10
700,31,16
700,32,9
700,33,9
700,34,11
700,35,11
700,36,10
700,37,11
700,38,12
700,39,16
700,40,12
700,41,13
700,42,13
700,43,10
700,44,13
700,45,11
700,46,10
700,47,11
700,48,11
700,49,9
700,50,11
710,1,14
710,2,9
710,3,10
710,4,12
710,5,10
710,6,15
710,7,10
710,8,9
710,9,14
710,10,9
710,11,13
710,12,12
710,13,9
710,14,9
710,15,9
710,16,13
710,17,11
710,18,9
710,19,11
710,20,11
710,21,10
710,22,11
710,23,12
710,24,10
710,25,11
710,26,10
710,27,11
710,28,9
710,29,9
710,30,13
710,31,9
710,32,11
710,33,10
710,34,11
710,35,8
710,36,12
710,37,9
710,38,12
710,39,13
710,40,14
710,41,10
710,42,11
710,43,10
710,44,9
710,45,11
710,46,11
710,47,11
710,48,13
710,49,13
710,50,12
720,1,9
720,2,9
720,3,12
720,4,10
720,5,12
720,6,10
720,7,10
720,8,11
720,9,11
720,10,10
720,11,10
720,12,14
720,13,13
720,14,11
720,15,11
720,16,13
720,17,10
720,18,10
720,19,12
720,20,8
720,21,9
720,22,13
720,23,10
720,24,15
720,25,8
720,26,11
720,27,11
720,28,10
720,29,8
720,30,12
720,31,10
720,32,9
720,33,10
720,34,11
720,35,13
720,36,10
720,37,12
720,38,10
720,39,8
720,40,12
720,41,8
720,42,14
720,43,12
720,44,12
720,45,9
720,46,10
720,47,12
720,48,11
720,49,10
720,50,8
730,1,11
730,2,12
730,3,10
730,4,17
730,5,11
730,6,9
730,7,12
730,8,15
730,9,11
730,10,12
730,11,14
730,12,10
730,13,9
730,14,10
730,15,11
730,16,10
730,17,10
730,18,9
730,19,13
730,20,13
730,21,10
730,22,11
730,23,9
730,24,12
730,25,10
730,26,13
730,27,13
730,28,10
730,29,11
730,30,9
730,31,15
730,32,10
730,33,9
730,34,8
730,35,9
730,36,12
730,37,10
730,38,11
730,39,9
730,40,14
730,41,14
730,42,11
730,43,9
730,44,8
730,45,9
730,46,10
730,47,11
730,48,12
730,49,9
730,50,11
740,1,13
740,2,15
740,3,9
740,4,11
740,5,11
740,6,10
740,7,10
740,8,9
740,9,11
740,10,10
740,11,11
740,12,9
740,13,10
740,14,11
740,15,12
740,16,9
740,17,9
740,18,10
740,19,11
740,20,11
740,21,12
740,22,10
740,23,11
740,24,13
740,25,11
740,26,11
740,27,15
740,28,9
740,29,10
740,30,11
740,31,11
740,32,9
740,33,13
740,34,8
740,35,10
740,36,9
740,37,14
740,38,8
740,39,10
740,40,11
740,41,11
740,42,8
740,43,12
740,44,10
740,45,8
740,46,10
740,47,11
740,48,11
740,49,10
740,50,10
750,1,11
750,2,13
750,3,10
750,4,11
750,5,9
750,6,13
750,7,10
750,8,10
750,9,10
750,10,14
750,11,12
750,12,12
750,13,9
750,14,16
750,15,10
750,16,11
750,17,10
750,18,10
750,19,9
750,20,11
750,21,11
750,22,10
750,23,10
750,24,11
750,25,11
750,26,13
750,27,11
750,28,11
750,29,10
750,30,10
750,31,10
750,32,9
750,33,10
750,34,10
750,35,11
750,36,10
750,37,9
750,38,12
750,39,16
750,40,10
750,41,13
750,42,11
750,43,9
750,44,12
750,45,13
750,46,11
750,47,11
750,48,11
750,49,11
750,50,11
760,1,12
760,2,9
760,3,10
760,4,10
760,5,11
760,6,11
760,7,9
760,8,10
760,9,10
760,10,12
760,11,14
760,12,9
760,13,13
760,14,11
760,15,11
760,16,14
760,17,10
760,18,9
760,19,13
760,20,8
760,21,11
760,22,11
760,23,10
760,24,10
760,25,9
760,26,8
760,27,11
760,28,9
760,29,10
760,30,12
760,31,9
760,32,10
760,33,9
760,34,13
760,35,9
760,36,10
760,37,14
760,38,11
760,39,10
760,40,15
760,41,9
760,42,10
760,43,12
760,44,10
760,45,13
760,46,12
760,47,9
760,48,12
760,49,9
760,50,13
770,1,9
770,2,11
770,3,14
770,4,9
770,5,15
770,6,12
770,7,11
770,8,10
770,9,10
770,10,10
770,11,13
770,12,12
770,13,11
770,14,11
770,15,10
770,16,12
770,17,12
770,18,9
770,19,10
770,20,11
770,21,8
770,22,11
770,23,10
770,24,10
770,25,12
770,26,9
770,27,11
770,28,11
770,29,10
770,30,10
770,31,11
770,32,11
770,33,12
770,34,13
770,35,8
770,36,13
770,37,9
770,38,9
770,39,11
770,40,14
770,41,14
770,42,11
770,43,11
770,44,9
770,45,10
770,46,10
770,47,14
770,48,10
770,49,8
770,50,10
780,1,11
780,2,9
780,3,9
780,4,11
780,5,8
780,6,11
780,7,11
780,8,11
780,9,9
780,10,13
780,11,14
780,12,12
780,13,10
780,14,16
780,15,10
780,16,9
780,17,12
780,18,13
780,19,10
780,20,12
780,21,9
780,22,10
780,23,14
780,24,10
780,25,12
780,26,11
780,27,12
780,28,10
780,29,12
780,30,15
780,31,9
780,32,12
780,33,13
780,34,10
780,35,10
780,36,10
780,37,11
780,38,9
780,39,13
780,40,17
780,41,14
780,42,11
780,43,11
780,44,14
780,45,11
780,46,13
780,47,13
780,48,10
780,49,11
780,50,11
790,1,10
790,2,10
790,3,10
790,4,10
790,5,10
790,6,9
790,7,11
790,8,9
790,9,10
790,10,10
790,11,9
790,12,12
790,13,10
790,14,8
790,15,10
790,16,12
790,17,14
790,18,9
790,19,10
790,20,10
790,21,11
790,22,10
790,23,11
790,24,11
790,25,18
790,26,11
790,27,9
790,28,12
790,29,12
790,30,10
790,31,11
790,32,10
790,33,11
790,34,10
790,35,17
790,36,10
790,37,9
790,38,9
790,39,11
790,40,9
790,41,10
790,42,9
790,43,9
790,44,12
790,45,10
790,46,10
790,47,11
790,48,10
790,49,11
790,50,10
800,1,11
800,2,12
800,3,9
800,4,11
800,5,11
800,6,11
800,7,9
800,8,11
800,9,8
800,10,9
800,11,8
800,12,14
800,13,10
800,14,13
800,15,11
800,16,11
800,17,11
800,18,9
800,19,9
800,20,11
800,21,14
800,22,11
800,23,14
800,24,9
800,25,10
800,26,10
800,27,8
800,28,14
800,29,11
800,30,10
800,31,13
800,32,12
800,33,11
800,34,14
800,35,10
800,36,12
800,37,12
800,38,12
800,39,11
800,40,12
800,41,13
800,42,11
800,43,15
800,44,8
800,45,14
800,46,11
800,47,12
800,48,9
800,49,10
800,50,11
810,1,11
810,2,13
810,3,10
810,4,10
810,5,10
810,6,13
810,7,12
810,8,11
810,9,9
810,10,12
810,11,8
810,12,10
810,13,11
810,14,11
810,15,9
810,16,11
810,17,10
810,18,12
810,19,11
810,20,13
810,21,14
810,22,11
810,23,11
810,24,14
810,25,10
810,26,9
810,27,15
810,28,9
810,29,10
810,30,9
810,31,10
810,32,12
810,33,11
810,34,11
810,35,14
810,36,11
810,37,9
810,38,11
810,39,15
810,40,11
810,41,12
810,42,11
810,43,10
810,44,13
810,45,9
810,46,13
810,47,9
810,48,11
810,49,11
810,50,11
820,1,12
820,2,10
820,3,13
820,4,13
820,5,10
820,6,10
820,7,11
820,8,12
820,9,11
820,10,10
820,11,11
820,12,13
820,13,14
820,14,9
820,15,9
820,16,12
820,17,14
820,18,10
820,19,12
820,20,15
820,21,11
820,22,14
820,23,10
820,24,8
820,25,9
820,26,9
820,27,11
820,28,15
820,29,10
820,30,13
820,31,15
820,32,10
820,33,10
820,34,14
820,35,9
820,36,12
820,37,12
820,38,10
820,39,10
820,40,12
820,41,10
820,42,11
820,43,13
820,44,12
820,45,10
820,46,11
820,47,14
820,48,10
820,49,15
820,50,10
830,1,9
830,2,13
830,3,12
830,4,10
830,5,9
830,6,11
830,7,13
830,8,11
830,9,10
830,10,9
830,11,10
830,12,13
830,13,10
830,14,10
830,15,10
830,16,11
830,17,9
830,18,14
830,19,8
830,20,11
830,21,13
830,22,10
830,23,9
830,24,14
830,25,10
830,26,11
830,27,11
830,28,10
830,29,12
830,30,9
830,31,11
830,32,12
830,33,10
830,34,16
830,35,9
830,36,10
830,37,11
830,38,11
830,39,12
830,40,13
830,41,11
830,42,8
830,43,10
830,44,15
830,45,12
830,46,9
830,47,12
830,48,9
830,49,13
830,50,10
840,1,14
840,2,10
840,3,9
840,4,9
840,5,10
840,6,9
840,7,9
840,8,10
840,9,8
840,10,11
840,11,12
840,12,10
840,13,10
840,14,10
840,15,11
840,16,9
840,17,11
840,18,10
840,19,11
840,20,9
840,21,10
840,22,10
840,23,13
840,24,15
840,25,11
840,26,11
840,27,12
840,28,10
840,29,11
840,30,10
840,31,11
840,32,11
840,33,12
840,34,10
840,35,8
840,36,11
840,37,10
840,38,13
840,39,12
840,40,11
840,41,11
840,42,13
840,43,13
840,44,10
840,45,12
840,46,11
840,47,11
840,48,8
840,49,11
840,50,16
850,1,11
850,2,12
850,3,13
850,4,14
850,5,10
850,6,12
850,7,17
850,8,10
850,9,9
850,10,11
850,11,9
850,12,12
850,13,10
850,14,10
850,15,12
850,16,14
850,17,11
850,18,11
850,19,9
850,20,14
850,21,12
850,22,9
850,23,10
850,24,12
850,25,11
850,26,10
850,27,10
850,28,11
850,29,10
850,30,12
850,31,9
850,32,11
850,33,11
850,34,9
850,35,9
850,36,10
850,37,11
850,38,11
850,39,13
850,40,12
850,41,12
850,42,14
850,43,10
850,44,9
850,45,9
850,46,11
850,47,9
850,48,13
850,49,11
850,50,10
860,1,13
860,2,10
860,3,8
860,4,9
860,5,10
860,6,12
860,7,11
860,8,10
860,9,12
860,10,11
860,11,9
860,12,10
860,13,13
860,14,11
860,15,11
860,16,14
860,17,12
860,18,11
860,19,10
860,20,11
860,21,13
860,22,9
860,23,8
860,24,11
860,25,10
860,26,12
860,27,10
860,28,9
860,29,12
860,30,11
860,31,12
860,32,13
860,33,9
860,34,11
860,35,11
860,36,9
860,37,13
860,38,10
860,39,9
860,40,11
860,41,8
860,42,9
860,43,10
860,44,14
860,45,11
860,46,13
860,47,9
860,48,7
860,49,12
860,50,10
870,1,11
870,2,10
870,3,11
870,4,10
870,5,10
870,6,9
870,7,9
870,8,11
870,9,12
870,10,10
870,11,13
870,12,12
870,13,13
870,14,11
870,15,9
870,16,11
870,17,9
870,18,10
870,19,13
870,20,12
870,21,11
870,22,9
870,23,11
870,24,14
870,25,10
870,26,10
870,27,11
870,28,8
870,29,10
870,30,12
870,31,7
870,32,13
870,33,12
870,34,9
870,35,14
870,36,8
870,37,9
870,38,13
870,39,11
870,40,14
870,41,11
870,42,11
870,43,10
870,44,9
870,45,14
870,46,13
870,47,9
870,48,11
870,49,8
870,50,12
880,1,11
880,2,11
880,3,11
880,4,12
880,5,10
880,6,9
880,7,10
880,8,13
880,9,10
880,10,12
880,11,11
880,12,11
880,13,10
880,14,10
880,15,10
880,16,12
880,17,11
880,18,14
880,19,13
880,20,9
880,21,13
880,22,9
880,23,11
880,24,12
880,25,11
880,26,14
880,27,13
880,28,11
880,29,10
880,30,19
880,31,10
880,32,10
880,33,8
880,34,10
880,35,10
880,36,17
880,37,11
880,38,11
880,39,11
880,40,13
880,41,11
880,42,11
880,43,13
880,44,10
880,45,11
880,46,11
880,47,9
880,48,9
880,49,13
880,50,13
890,1,12
890,2,13
890,3,9
890,4,13
890,5,11
890,6,12
890,7,13
890,8,13
890,9,11
890,10,9
890,11,11
890,12,11
890,13,11
890,14,13
890,15,10
890,16,13
890,17,9
890,18,10
890,19,11
890,20,9
890,21,10
890,22,10
890,23,11
890,24,11
890,25,11
890,26,11
890,27,11
890,28,12
890,29,12
890,30,12
890,31,12
890,32,9
890,33,12
890,34,10
890,35,11
890,36,11
890,37,12
890,38,14
890,39,11
890,40,8
890,41,9
890,42,10
890,43,13
890,44,11
890,45,13
890,46,10
890,47,11
890,48,13
890,49,9
890,50,11
900,1,10
900,2,12
900,3,13
900,4,9
900,5,11
900,6,11
900,7,9
900,8,12
900,9,14
900,10,11
900,11,12
900,12,12
900,13,11
900,14,11
900,15,14
900,16,9
900,17,10
900,18,9
900,19,10
900,20,10
900,21,11
900,22,12
900,23,13
900,24,11
900,25,14
900,26,12
900,27,11
900,28,10
900,29,11
900,30,10
900,31,17
900,32,12
900,33,9
900,34,13
900,35,12
900,36,10
900,37,12
900,38,12
900,39,10
900,40,11
900,41,11
900,42,12
900,43,9
900,44,11
900,45,12
900,46,9
900,47,10
900,48,10
900,49,11
900,50,12
910,1,11
910,2,10
910,3,12
910,4,11
910,5,9
910,6,11
910,7,9
910,8,10
910,9,13
910,10,9
910,11,10
910,12,14
910,13,12
910,14,11
910,15,13
910,16,12
910,17,12
910,18,11
910,19,12
910,20,10
910,21,9
910,22,13
910,23,12
910,24,13
910,25,13
910,26,12
910,27,11
910,28,14
910,29,8
910,30,12
910,31,9
910,32,10
910,33,12
910,34,12
910,35,15
910,36,13
910,37,13
910,38,11
910,39,13
910,40,10
910,41,13
910,42,13
910,43,11
910,44,10
910,45,12
910,46,18
910,47,10
910,48,12
910,49,11
910,50,10
920,1,11
920,2,8
920,3,9
920,4,10
920,5,9
920,6,11
920,7,13
920,8,13
920,9,10
920,10,12
920,11,12
920,12,10
920,13,10
920,14,9
920,15,12
920,16,11
920,17,12
920,18,12
920,19,12
920,20,11
920,21,11
920,22,11
920,23,11
920,24,10
920,25,12
920,26,10
920,27,10
920,28,10
920,29,11
920,30,12
920,31,13
920,32,10
920,33,13
920,34,11
920,35,12
920,36,20
920,37,13
920,38,11
920,39,11
920,40,12
920,41,10
920,42,11
920,43,11
920,44,12
920,45,16
920,46,8
920,47,12
920,48,11
920,49,10
920,50,11
930,1,11
930,2,10
930,3,9
930,4,13
930,5,11
930,6,16
930,7,11
930,8,10
930,9,8
930,10,15
930,11,13
930,12,12
930,13,9
930,14,11
930,15,10
930,16,11
930,17,12
930,18,9
930,19,11
930,20,13
930,21,10
930,22,11
930,23,12
930,24,11
930,25,14
930,26,9
930,27,13
930,28,11
930,29,11
930,30,9
930,31,13
930,32,10
930,33,14
930,34,12
930,35,11
930,36,11
930,37,13
930,38,9
930,39,9
930,40,12
930,41,13
930,42,12
930,43,11
930,44,10
930,45,10
930,46,16
930,47,13
930,48,9
930,49,9
930,50,10
940,1,11
940,2,10
940,3,10
940,4,12
940,5,10
940,6,15
940,7,10
940,8,11
940,9,10
940,10,12
940,11,11
940,12,12
940,13,16
940,14,13
940,15,10
940,16,11
940,17,9
940,18,12
940,19,9
940,20,8
940,21,11
940,22,11
940,23,8
940,24,11
940,25,13
940,26,11
940,27,13
940,28,11
940,29,10
940,30,11
940,31,14
940,32,11
940,33,10
940,34,15
940,35,10
940,36,9
940,37,10
940,38,12
940,39,12
940,40,10
940,41,9
940,42,9
940,43,11
940,44,12
940,45,11
940,46,10
940,47,10
940,48,13
940,49,10
940,50,11
950,1,15
950,2,9
950,3,16
950,4,9
950,5,9
950,6,13
950,7,10
950,8,10
950,9,11
950,10,13
950,11,9
950,12,11
950,13,12
950,14,10
950,15,10
950,16,10
950,17,12
950,18,9
950,19,11
950,20,10
950,21,9
950,22,11
950,23,10
950,24,12
950,25,10
950,26,9
950,27,9
950,28,13
950,29,10
950,30,14
950,31,11
950,32,11
950,33,8
950,34,12
950,35,12
950,36,11
950,37,11
950,38,10
950,39,10
950,40,11
950,41,10
950,42,13
950,43,12
950,44,13
950,45,10
950,46,13
950,47,9
950,48,9
950,49,12
950,50,13
960,1,9
960,2,11
960,3,12
960,4,13
960,5,13
960,6,11
960,7,10
960,8,12
960,9,10
960,10,13
960,11,12
960,12,16
960,13,13
960,14,12
960,15,11
960,16,11
960,17,10
960,18,13
960,19,11
960,20,10
960,21,12
960,22,11
960,23,12
960,24,12
960,25,13
960,26,8
960,27,15
960,28,9
960,29,11
960,30,10
960,31,12
960,32,12
960,33,16
960,34,11
960,35,10
960,36,11
960,37,10
960,38,14
960,39,10
960,40,10
960,41,11
960,42,9
960,43,10
960,44,9
960,45,11
960,46,13
960,47,14
960,48,11
960,49,11
960,50,13
970,1,10
970,2,12
970,3,9
970,4,12
970,5,13
970,6,13
970,7,10
970,8,9
970,9,12
970,10,12
970,11,11
970,12,12
970,13,12
970,14,11
970,15,14
970,16,10
970,17,12
970,18,11
970,19,12
970,20,10
970,21,10
970,22,10
970,23,10
970,24,10
970,25,13
970,26,9
970,27,10
970,28,11
970,29,14
970,30,10
970,31,11
970,32,13
970,33,9
970,34,12
970,35,10
970,36,14
970,37,11
970,38,10
970,39,10
970,40,12
970,41,13
970,42,17
970,43,10
970,44,11
970,45,10
970,46,10
970,47,11
970,48,13
970,49,10
970,50,10
980,1,11
980,2,11
980,3,11
980,4,14
980,5,11
980,6,14
980,7,14
980,8,11
980,9,10
980,10,8
980,11,14
980,12,10
980,13,12
980,14,12
980,15,8
980,16,10
980,17,11
980,18,9
980,19,11
980,20,9
980,21,11
980,22,10
980,23,12
980,24,11
980,25,12
980,26,10
980,27,8
980,28,11
980,29,9
980,30,12
980,31,9
980,32,15
980,33,10
980,34,11
980,35,11
980,36,10
980,37,9
980,38,11
980,39,11
980,40,10
980,41,12
980,42,9
980,43,17
980,44,12
980,45,14
980,46,12
980,47,10
980,48,13
980,49,15
980,50,9
990,1,13
990,2,11
990,3,13
990,4,13
990,5,12
990,6,15
990,7,10
990,8,11
990,9,10
990,10,13
990,11,13
990,12,12
990,13,10
990,14,19
990,15,11
990,16,13
990,17,12
990,18,10
990,19,13
990,20,11
990,21,10
990,22,12
990,23,10
990,24,12
990,25,11
990,26,10
990,27,10
990,28,10
990,29,12
990,30,10
990,31,12
990,32,9
990,33,13
990,34,13
990,35,11
990,36,10
990,37,14
990,38,11
990,39,9
990,40,12
990,41,15
990,42,13
990,43,11
990,44,14
990,45,9
990,46,13
990,47,10
990,48,11
990,49,14
990,50,11
1000,1,14
1000,2,10
1000,3,9
1000,4,11
1000,5,10
1000,6,10
1000,7,13
1000,8,10
1000,9,9
1000,10,12
1000,11,10
1000,12,13
1000,13,11
1000,14,10
1000,15,11
1000,16,9
1000,17,14
1000,18,8
1000,19,13
1000,20,12
1000,21,8
1000,22,10
1000,23,13
1000,24,9
1000,25,12
1000,26,11
1000,27,15
1000,28,10
1000,29,13
1000,30,11
1000,31,11
1000,32,20
1000,33,14
1000,34,10
1000,35,11
1000,36,10
1000,37,11
1000,38,9
1000,39,10
1000,40,11
1000,41,13
1000,42,13
1000,43,11
1000,44,11
1000,45,13
1000,46,9
1000,47,10
1000,48,12
1000,49,11
1000,50,11
