[
  {
    "type": "PATH",
    "params": [
      251.0,
      126.0,
      629.0,
      126.0,
      629.0,
      244.0,
      251.0,
      244.0,
      251.0,
      126.0
    ],
    "outlineColor": "#000000",
    "fillColor": "#ffffff",
    "filled": false,
    "strokeWidth": 2
  },
  {
    "type": "PATH",
    "params": [
      890.2007773778115,
      385.7856458401625,
      644.1396258891211,
      75.21373834036902,
      613.3887823575366,
      385.44008413017497,
      790.2927525524441,
      561.5564812352693
    ],
    "outlineColor": "#ff3333",
    "fillColor": "#ffffff",
    "filled": false,
    "strokeWidth": 2
  }
]