[
  {
    "type": "PATH",
    "params": [
      669.0,
      240.0,
      1047.0,
      240.0,
      1047.0,
      358.0,
      669.0,
      358.0,
      669.0,
      240.0
    ],
    "outlineColor": "#000000",
    "fillColor": "#ffffff",
    "filled": false,
    "strokeWidth": 2
  },
  {
    "type": "PATH",
    "params": [
      802.2007773778115,
      355.7856458401625,
      556.1396258891211,
      45.21373834036902,
      525.3887823575366,
      355.44008413017497,
      702.2927525524441,
      531.5564812352693
    ],
    "outlineColor": "#ff3333",
    "fillColor": "#ffffff",
    "filled": false,
    "strokeWidth": 2
  }
]